title:Aya نعم, start timestamp:1702803099.804557, stop timestamp:1702803111.079423, headset type:EPOCX, headset serial:E50206EF, headset firmware:720, channels:67, sampling rate:eeg_128;mot_32, samples:1445      , version:2.2, 
MOT.InterpolatedMems,MOT.Q0,MOT.Q1,MOT.Q2,MOT.Q3,MOT.AccX,MOT.AccY,MOT.AccZ,MOT.MagX,MOT.MagY,MOT.MagZ
,,,,,,,,,,
,,,,,,,,,,
,,,,,,,,,,
0.000000,0.711905,0.164063,-0.661316,0.170105,0.998169,0.011720,0.079111,-5.715884,15.388508,97.862946
,,,,,,,,,,
,,,,,,,,,,
,,,,,,,,,,
0.000000,0.711961,0.163940,-0.661255,0.170227,0.983030,0.007813,0.070321,-5.744295,15.349657,97.876648
,,,,,,,,,,
,,,,,,,,,,
,,,,,,,,,,
0.000000,0.711918,0.163818,-0.661316,0.170288,1.000122,0.012697,0.071786,-5.703199,15.331358,98.122314
,,,,,,,,,,
,,,,,,,,,,
,,,,,,,,,,
0.000000,0.711988,0.163696,-0.661255,0.170349,0.981077,0.017092,0.068368,-5.699546,15.348222,98.160088
,,,,,,,,,,
,,,,,,,,,,
,,,,,,,,,,
0.000000,0.712060,0.163757,-0.661194,0.170227,0.992797,0.014650,0.074228,-5.596258,15.196733,98.144073
,,,,,,,,,,
,,,,,,,,,,
,,,,,,,,,,
0.000000,0.712046,0.163818,-0.661194,0.170227,0.988890,0.013185,0.080088,-5.769966,15.227060,98.179672
,,,,,,,,,,
,,,,,,,,,,
,,,,,,,,,,
0.000000,0.712103,0.163940,-0.661133,0.170105,0.991332,-0.000977,0.083995,-5.826302,15.187687,98.145035
,,,,,,,,,,
,,,,,,,,,,
,,,,,,,,,,
0.000000,0.712020,0.164185,-0.661194,0.169983,1.002564,0.016115,0.073251,-5.810338,15.218919,98.047195
,,,,,,,,,,
,,,,,,,,,,
,,,,,,,,,,
0.000000,0.712006,0.164307,-0.661194,0.169922,0.990355,0.011720,0.070321,-5.695971,15.280360,98.175812
,,,,,,,,,,
,,,,,,,,,,
,,,,,,,,,,
0.000000,0.711894,0.164673,-0.661255,0.169800,1.008424,0.018069,0.077646,-5.843041,15.268991,98.141563
,,,,,,,,,,
,,,,,,,,,,
,,,,,,,,,,
0.000000,0.711866,0.164856,-0.661255,0.169739,0.995727,0.016604,0.072274,-5.825404,15.375425,98.094078
,,,,,,,,,,
,,,,,,,,,,
,,,,,,,,,,
0.000000,0.711937,0.165100,-0.661133,0.169678,0.985960,0.011232,0.073251,-5.709530,15.421216,98.167999
,,,,,,,,,,
,,,,,,,,,,
,,,,,,,,,,
0.000000,0.711839,0.165100,-0.661255,0.169617,0.999145,0.013185,0.076181,-5.738577,15.295761,98.117867
,,,,,,,,,,
,,,,,,,,,,
,,,,,,,,,,
0.000000,0.711853,0.165100,-0.661255,0.169556,0.997192,0.027347,0.060554,-5.664719,15.249518,98.222748
,,,,,,,,,,
,,,,,,,,,,
,,,,,,,,,,
0.000000,0.711881,0.164978,-0.661255,0.169556,0.993285,0.017092,0.065438,-5.731581,15.207900,98.183807
,,,,,,,,,,
,,,,,,,,,,
,,,,,,,,,,
0.000000,0.711936,0.164734,-0.661194,0.169800,0.990355,0.024417,0.070321,-5.741756,15.120443,98.198761
,,,,,,,,,,
,,,,,,,,,,
,,,,,,,,,,
0.000000,0.711936,0.164673,-0.661194,0.169861,0.988402,0.018069,0.079600,-5.734247,15.108398,98.095551
,,,,,,,,,,
,,,,,,,,,,
,,,,,,,,,,
0.000000,0.711963,0.164551,-0.661133,0.170105,0.991820,0.008302,0.072763,-5.860822,15.014226,98.052658
,,,,,,,,,,
,,,,,,,,,,
,,,,,,,,,,
0.000000,0.711989,0.164246,-0.661133,0.170288,0.998657,0.010743,0.075693,-5.791407,14.979469,98.130730
,,,,,,,,,,
,,,,,,,,,,
,,,,,,,,,,
0.000000,0.712075,0.164185,-0.661072,0.170227,0.987914,0.018069,0.075693,-5.928933,14.881523,98.184319
,,,,,,,,,,
,,,,,,,,,,
,,,,,,,,,,
0.000000,0.711975,0.164124,-0.661194,0.170227,0.987425,0.015627,0.073251,-6.036039,14.943371,98.132553
,,,,,,,,,,
,,,,,,,,,,
,,,,,,,,,,
0.000000,0.711960,0.164063,-0.661194,0.170349,0.984984,0.008790,0.075204,-5.999102,14.865700,98.002632
,,,,,,,,,,
,,,,,,,,,,
,,,,,,,,,,
0.000000,0.712016,0.163940,-0.661133,0.170471,0.996215,0.003907,0.075693,-5.915859,14.762464,97.885704
,,,,,,,,,,
,,,,,,,,,,
,,,,,,,,,,
0.000000,0.712058,0.164001,-0.661072,0.170471,0.986937,0.018557,0.078623,-5.774273,14.886217,98.047134
,,,,,,,,,,
,,,,,,,,,,
,,,,,,,,,,
0.000000,0.712116,0.164124,-0.661011,0.170349,0.993285,0.023440,0.067391,-5.763512,14.947596,98.125755
,,,,,,,,,,
,,,,,,,,,,
,,,,,,,,,,
0.000000,0.712047,0.164368,-0.661072,0.170166,0.979612,0.014650,0.078623,-5.720494,14.886169,98.096512
,,,,,,,,,,
,,,,,,,,,,
,,,,,,,,,,
0.000000,0.712189,0.164551,-0.660889,0.170105,0.988402,0.021487,0.074716,-5.815112,14.997552,98.153526
,,,,,,,,,,
,,,,,,,,,,
,,,,,,,,,,
0.000000,0.712232,0.164612,-0.660828,0.170105,0.981565,0.010743,0.071786,-5.816934,15.181130,98.254845
,,,,,,,,,,
,,,,,,,,,,
,,,,,,,,,,
0.000000,0.712332,0.164551,-0.660767,0.169983,0.984007,0.016115,0.070321,-6.051907,15.246350,98.229355
,,,,,,,,,,
,,,,,,,,,,
,,,,,,,,,,
0.000000,0.712262,0.164551,-0.660889,0.169800,0.983518,0.014162,0.067879,-6.113383,15.238382,98.239754
,,,,,,,,,,
,,,,,,,,,,
,,,,,,,,,,
0.000000,0.712248,0.164673,-0.660889,0.169739,0.991332,0.006837,0.069833,-6.068711,15.264544,98.299110
,,,,,,,,,,
,,,,,,,,,,
,,,,,,,,,,
0.000000,0.712220,0.164795,-0.660889,0.169739,0.984495,0.021487,0.065438,-5.845173,15.288090,98.352531
,,,,,,,,,,
,,,,,,,,,,
,,,,,,,,,,
0.000000,0.712234,0.164917,-0.660828,0.169800,0.992309,0.024417,0.074716,-5.777323,15.392614,98.150612
,,,,,,,,,,
,,,,,,,,,,
,,,,,,,,,,
0.000000,0.712262,0.164978,-0.660767,0.169861,0.993285,0.021487,0.078135,-5.732924,15.336686,98.168884
,,,,,,,,,,
,,,,,,,,,,
,,,,,,,,,,
0.000000,0.712162,0.164856,-0.660889,0.169922,0.986449,0.016604,0.070321,-5.626298,15.219684,98.201996
,,,,,,,,,,
,,,,,,,,,,
,,,,,,,,,,
0.000000,0.712119,0.164734,-0.660950,0.169983,0.990355,0.020999,0.064461,-5.580335,15.281049,98.065132
,,,,,,,,,,
,,,,,,,,,,
,,,,,,,,,,
0.000000,0.712218,0.164490,-0.660889,0.170044,0.980100,0.010743,0.068856,-5.738968,15.152944,98.125282
,,,,,,,,,,
,,,,,,,,,,
,,,,,,,,,,
0.000000,0.712287,0.164246,-0.660828,0.170227,0.989867,0.015139,0.072274,-5.681738,15.020983,98.162758
,,,,,,,,,,
,,,,,,,,,,
,,,,,,,,,,
0.000000,0.712272,0.164185,-0.660828,0.170349,0.989867,0.014650,0.072763,-5.646898,14.918884,98.096481
,,,,,,,,,,
,,,,,,,,,,
,,,,,,,,,,
0.000000,0.712399,0.164063,-0.660706,0.170410,1.000122,0.009278,0.076670,-5.648874,14.760329,97.920166
,,,,,,,,,,
,,,,,,,,,,
,,,,,,,,,,
0.000000,0.712426,0.163818,-0.660706,0.170532,0.990844,0.013185,0.073739,-5.800653,14.850964,97.878151
,,,,,,,,,,
,,,,,,,,,,
,,,,,,,,,,
0.000000,0.712442,0.163818,-0.660767,0.170227,0.995239,0.014162,0.070809,-5.853922,14.849200,97.707001
,,,,,,,,,,
,,,,,,,,,,
,,,,,,,,,,
0.000000,0.712357,0.163879,-0.660828,0.170288,0.973263,0.010255,0.077646,-5.918530,14.830947,97.736298
,,,,,,,,,,
,,,,,,,,,,
,,,,,,,,,,
0.000000,0.712401,0.164063,-0.660767,0.170166,0.995239,0.009767,0.075693,-5.826676,14.781185,97.746002
,,,,,,,,,,
,,,,,,,,,,
,,,,,,,,,,
0.000000,0.712344,0.164246,-0.660767,0.170227,0.992309,0.010743,0.074716,-5.677342,14.636400,97.904739
,,,,,,,,,,
,,,,,,,,,,
,,,,,,,,,,
0.000000,0.712344,0.164246,-0.660767,0.170227,1.002075,0.013185,0.062996,-5.742941,14.572761,97.814262
,,,,,,,,,,
,,,,,,,,,,
,,,,,,,,,,
0.000000,0.712232,0.164185,-0.660950,0.170044,0.988890,0.022952,0.070809,-5.768647,14.532151,97.966171
,,,,,,,,,,
,,,,,,,,,,
,,,,,,,,,,
0.000000,0.712319,0.164368,-0.660889,0.169739,0.993285,0.009767,0.074228,-5.858449,14.645602,97.919556
,,,,,,,,,,
,,,,,,,,,,
,,,,,,,,,,
0.000000,0.712192,0.164551,-0.661011,0.169617,0.993774,0.005860,0.074716,-5.872604,14.847709,97.894264
,,,,,,,,,,
,,,,,,,,,,
,,,,,,,,,,
0.000000,0.712262,0.164551,-0.660889,0.169800,0.990355,-0.004395,0.082530,-5.818677,14.846272,97.888168
,,,,,,,,,,
,,,,,,,,,,
,,,,,,,,,,
0.000000,0.712189,0.164551,-0.660889,0.170105,0.997192,0.016115,0.073739,-5.770143,14.878311,97.932686
,,,,,,,,,,
,,,,,,,,,,
,,,,,,,,,,
0.000000,0.712276,0.164429,-0.660889,0.169861,0.993285,0.009767,0.066903,-5.859795,15.040480,98.006088
,,,,,,,,,,
,,,,,,,,,,
,,,,,,,,,,
0.000000,0.712276,0.164307,-0.660950,0.169739,0.991332,0.028812,0.077158,-5.773816,15.053099,98.038811
,,,,,,,,,,
,,,,,,,,,,
,,,,,,,,,,
0.000000,0.712163,0.164246,-0.661072,0.169800,1.000122,0.021487,0.070321,-5.729767,15.031122,98.018265
,,,,,,,,,,
,,,,,,,,,,
,,,,,,,,,,
0.000000,0.712120,0.164368,-0.661072,0.169861,1.001587,0.013674,0.068368,-5.723457,15.078010,98.149773
,,,,,,,,,,
,,,,,,,,,,
,,,,,,,,,,
0.000000,0.712063,0.164551,-0.661072,0.169922,0.977170,0.008302,0.073251,-5.784445,15.170209,98.251457
,,,,,,,,,,
,,,,,,,,,,
,,,,,,,,,,
0.000000,0.711992,0.164612,-0.661133,0.169922,0.989379,0.015627,0.061531,-5.922667,15.086521,98.292976
,,,,,,,,,,
,,,,,,,,,,
,,,,,,,,,,
0.000000,0.711993,0.164734,-0.661133,0.169800,0.989867,0.008302,0.074228,-5.997067,15.177869,98.247017
,,,,,,,,,,
,,,,,,,,,,
,,,,,,,,,,
0.000000,0.711965,0.164673,-0.661194,0.169739,1.000610,0.007813,0.074228,-5.997360,15.243416,98.222313
,,,,,,,,,,
,,,,,,,,,,
,,,,,,,,,,
0.000000,0.711965,0.164673,-0.661194,0.169739,0.984984,0.011232,0.071298,-5.897624,15.202407,98.266747
,,,,,,,,,,
,,,,,,,,,,
,,,,,,,,,,
0.000000,0.712035,0.164551,-0.661133,0.169800,0.987425,0.016604,0.071786,-6.007862,15.182167,98.290077
,,,,,,,,,,
,,,,,,,,,,
,,,,,,,,,,
0.000000,0.712020,0.164490,-0.661133,0.169922,0.995727,0.018557,0.079600,-6.040409,15.097283,98.377731
,,,,,,,,,,
,,,,,,,,,,
,,,,,,,,,,
0.000000,0.712105,0.164490,-0.661011,0.170044,0.976682,0.005860,0.076670,-6.036368,15.137555,98.306625
,,,,,,,,,,
,,,,,,,,,,
,,,,,,,,,,
0.000000,0.712119,0.164490,-0.661011,0.169983,0.998657,0.007813,0.082530,-6.066065,15.190466,98.225967
,,,,,,,,,,
,,,,,,,,,,
,,,,,,,,,,
0.000000,0.712135,0.164612,-0.661011,0.169800,0.989379,0.018557,0.079111,-5.976125,15.221419,98.253365
,,,,,,,,,,
,,,,,,,,,,
,,,,,,,,,,
0.000000,0.712121,0.164795,-0.661011,0.169678,0.990844,0.008302,0.073739,-5.745179,15.182611,98.344696
,,,,,,,,,,
,,,,,,,,,,
,,,,,,,,,,
0.000000,0.712051,0.164917,-0.661072,0.169617,0.991332,0.023929,0.069344,-5.870661,15.297683,98.443558
,,,,,,,,,,
,,,,,,,,,,
,,,,,,,,,,
0.000000,0.712008,0.164978,-0.661072,0.169739,0.996704,0.013674,0.073251,-5.850262,15.401248,98.399208
,,,,,,,,,,
,,,,,,,,,,
,,,,,,,,,,
0.000000,0.711865,0.164978,-0.661194,0.169861,0.976193,0.019045,0.068368,-5.765235,15.294456,98.309288
,,,,,,,,,,
,,,,,,,,,,
,,,,,,,,,,
0.000000,0.711766,0.164978,-0.661316,0.169800,0.990355,0.013674,0.064949,-5.772045,15.081677,98.395020
,,,,,,,,,,
,,,,,,,,,,
,,,,,,,,,,
0.000000,0.711640,0.164917,-0.661499,0.169678,0.990844,0.011720,0.064461,-5.944841,15.056843,98.255524
,,,,,,,,,,
,,,,,,,,,,
,,,,,,,,,,
0.000000,0.711865,0.164734,-0.661255,0.169861,0.992797,0.012209,0.075693,-6.083690,15.101159,98.196632
,,,,,,,,,,
,,,,,,,,,,
,,,,,,,,,,
0.000000,0.711879,0.164612,-0.661255,0.169922,0.988890,0.008790,0.083506,-5.991988,15.141043,98.143639
,,,,,,,,,,
,,,,,,,,,,
,,,,,,,,,,
0.000000,0.711951,0.164673,-0.661194,0.169800,0.993285,0.021487,0.070321,-5.909456,15.293606,98.212608
,,,,,,,,,,
,,,,,,,,,,
,,,,,,,,,,
0.000000,0.711965,0.164673,-0.661194,0.169739,0.987914,0.015139,0.073739,-5.918510,15.347578,98.074684
,,,,,,,,,,
,,,,,,,,,,
,,,,,,,,,,
0.000000,0.712037,0.164795,-0.661133,0.169556,0.996215,0.028812,0.068368,-5.959992,15.379487,98.017212
,,,,,,,,,,
,,,,,,,,,,
,,,,,,,,,,
0.000000,0.712024,0.165039,-0.661133,0.169373,0.996215,0.025882,0.068856,-5.830660,15.258205,98.065491
,,,,,,,,,,
,,,,,,,,,,
,,,,,,,,,,
0.000000,0.712053,0.165161,-0.661072,0.169373,0.986449,0.016604,0.073251,-5.830927,15.299051,97.958939
,,,,,,,,,,
,,,,,,,,,,
,,,,,,,,,,
0.000000,0.711982,0.165222,-0.661133,0.169373,1.000122,0.026859,0.069344,-5.831168,15.285812,98.029716
,,,,,,,,,,
,,,,,,,,,,
,,,,,,,,,,
0.000000,0.712038,0.165100,-0.661072,0.169495,0.974240,0.009278,0.071298,-5.964718,15.357231,98.060074
,,,,,,,,,,
,,,,,,,,,,
,,,,,,,,,,
0.000000,0.712093,0.164917,-0.661011,0.169678,1.000610,0.024417,0.068856,-5.951579,15.338175,98.004066
,,,,,,,,,,
,,,,,,,,,,
,,,,,,,,,,
0.000000,0.712164,0.164856,-0.660950,0.169678,0.985960,0.013185,0.053229,-5.923088,15.271024,98.053665
,,,,,,,,,,
,,,,,,,,,,
,,,,,,,,,,
0.000000,0.712234,0.164673,-0.660889,0.169800,0.996704,0.022464,0.073739,-5.897446,15.243921,98.098297
,,,,,,,,,,
,,,,,,,,,,
,,,,,,,,,,
0.000000,0.712375,0.164551,-0.660767,0.169800,0.983518,0.008302,0.072274,-5.957701,15.186196,98.305130
,,,,,,,,,,
,,,,,,,,,,
,,,,,,,,,,
0.000000,0.712446,0.164490,-0.660706,0.169800,0.992309,0.017092,0.077158,-6.078598,15.017576,98.307953
,,,,,,,,,,
,,,,,,,,,,
,,,,,,,,,,
0.000000,0.712475,0.164490,-0.660706,0.169678,0.988890,0.011232,0.065438,-6.137405,15.032486,98.143822
,,,,,,,,,,
,,,,,,,,,,
,,,,,,,,,,
0.000000,0.712476,0.164551,-0.660706,0.169617,0.994750,0.017580,0.063973,-6.106997,15.212570,98.029442
,,,,,,,,,,
,,,,,,,,,,
,,,,,,,,,,
0.000000,0.712377,0.164734,-0.660767,0.169617,1.000122,0.019045,0.073739,-6.029631,15.207980,98.009834
,,,,,,,,,,
,,,,,,,,,,
,,,,,,,,,,
0.000000,0.712220,0.164795,-0.660889,0.169739,0.992309,0.006837,0.071786,-5.876668,15.120515,97.992180
,,,,,,,,,,
,,,,,,,,,,
,,,,,,,,,,
0.000000,0.712206,0.164795,-0.660889,0.169800,0.994750,0.021487,0.074228,-5.889001,15.025130,98.126297
,,,,,,,,,,
,,,,,,,,,,
,,,,,,,,,,
0.000000,0.712191,0.164795,-0.660889,0.169861,0.967892,0.013674,0.072274,-5.866768,15.189284,98.163666
,,,,,,,,,,
,,,,,,,,,,
,,,,,,,,,,
0.000000,0.712106,0.164856,-0.660950,0.169922,0.991820,0.023929,0.060554,-5.913424,15.237022,98.097298
,,,,,,,,,,
,,,,,,,,,,
,,,,,,,,,,
0.000000,0.712064,0.164917,-0.661011,0.169800,0.984007,0.014650,0.062019,-5.905415,15.313320,98.204239
,,,,,,,,,,
,,,,,,,,,,
,,,,,,,,,,
0.000000,0.712164,0.165039,-0.660889,0.169739,0.984007,0.014162,0.076670,-6.131540,15.281988,98.100479
,,,,,,,,,,
,,,,,,,,,,
,,,,,,,,,,
0.000000,0.712249,0.165161,-0.660767,0.169739,0.982542,0.010255,0.078623,-6.035053,15.253789,98.173767
,,,,,,,,,,
,,,,,,,,,,
,,,,,,,,,,
0.000000,0.712306,0.165100,-0.660767,0.169556,0.996215,0.014162,0.073739,-6.081548,15.111744,98.206390
,,,,,,,,,,
,,,,,,,,,,
,,,,,,,,,,
0.000000,0.712306,0.165100,-0.660767,0.169556,0.987914,0.022952,0.071786,-6.006726,15.033903,98.219086
,,,,,,,,,,
,,,,,,,,,,
,,,,,,,,,,
0.000000,0.712264,0.165100,-0.660828,0.169495,0.998657,0.013185,0.066903,-6.056054,14.913846,98.330505
,,,,,,,,,,
,,,,,,,,,,
,,,,,,,,,,
0.000000,0.712138,0.165344,-0.660950,0.169312,0.988402,0.024905,0.070321,-5.950448,14.939128,98.447456
,,,,,,,,,,
,,,,,,,,,,
,,,,,,,,,,
0.000000,0.712081,0.165588,-0.660950,0.169312,0.992797,0.015627,0.069344,-5.938737,15.011882,98.436043
,,,,,,,,,,
,,,,,,,,,,
,,,,,,,,,,
0.000000,0.712095,0.165771,-0.660889,0.169312,0.985960,0.023929,0.060066,-5.928196,15.077360,98.342438
,,,,,,,,,,
,,,,,,,,,,
,,,,,,,,,,
0.000000,0.712066,0.165833,-0.660889,0.169373,0.998657,0.006837,0.075204,-5.918710,15.052958,98.341530
,,,,,,,,,,
,,,,,,,,,,
,,,,,,,,,,
0.000000,0.712152,0.165710,-0.660828,0.169373,1.001099,0.022952,0.064461,-5.826839,15.064328,98.374046
,,,,,,,,,,
,,,,,,,,,,
,,,,,,,,,,
0.000000,0.712208,0.165649,-0.660767,0.169434,0.998657,0.019534,0.075204,-5.877489,15.157896,98.403305
,,,,,,,,,,
,,,,,,,,,,
,,,,,,,,,,
0.000000,0.712278,0.165527,-0.660706,0.169495,0.987914,0.032719,0.069344,-5.856406,15.142106,98.362976
,,,,,,,,,,
,,,,,,,,,,
,,,,,,,,,,
0.000000,0.712278,0.165405,-0.660706,0.169617,0.990844,0.018069,0.066414,-5.770766,15.144562,98.193344
,,,,,,,,,,
,,,,,,,,,,
,,,,,,,,,,
0.000000,0.712376,0.165405,-0.660583,0.169678,0.989379,0.010255,0.074228,-5.843689,15.213439,98.140678
,,,,,,,,,,
,,,,,,,,,,
,,,,,,,,,,
0.000000,0.712376,0.165283,-0.660583,0.169800,0.991820,0.026859,0.069344,-5.859320,15.192096,98.209946
,,,,,,,,,,
,,,,,,,,,,
,,,,,,,,,,
0.000000,0.712390,0.165283,-0.660583,0.169739,0.986937,0.014162,0.075204,-5.723388,15.272885,98.305618
,,,,,,,,,,
,,,,,,,,,,
,,,,,,,,,,
0.000000,0.712362,0.165222,-0.660645,0.169678,1.001587,0.020999,0.072274,-5.684383,15.262264,98.341721
,,,,,,,,,,
,,,,,,,,,,
,,,,,,,,,,
0.000000,0.712291,0.165283,-0.660706,0.169678,0.982542,-0.005372,0.061531,-5.649278,15.169371,98.207550
,,,,,,,,,,
,,,,,,,,,,
,,,,,,,,,,
0.000000,0.712276,0.165161,-0.660706,0.169861,0.987914,-0.002442,0.069833,-5.801017,15.052434,98.086792
,,,,,,,,,,
,,,,,,,,,,
,,,,,,,,,,
0.000000,0.712205,0.165161,-0.660767,0.169922,0.979123,0.018557,0.077646,-5.887582,14.813857,98.111450
,,,,,,,,,,
,,,,,,,,,,
,,,,,,,,,,
0.000000,0.712234,0.165100,-0.660767,0.169861,0.991820,0.021975,0.068856,-5.765490,14.799138,98.233635
,,,,,,,,,,
,,,,,,,,,,
,,,,,,,,,,
0.000000,0.712235,0.165283,-0.660767,0.169678,0.977658,0.020022,0.065926,-5.572275,14.869225,98.260269
,,,,,,,,,,
,,,,,,,,,,
,,,,,,,,,,
0.000000,0.712377,0.165466,-0.660583,0.169617,1.009401,0.020022,0.076181,-5.581714,14.848969,98.117577
,,,,,,,,,,
,,,,,,,,,,
,,,,,,,,,,
0.000000,0.712405,0.165588,-0.660522,0.169617,0.982542,0.013185,0.075204,-5.740209,14.964071,98.172485
,,,,,,,,,,
,,,,,,,,,,
,,,,,,,,,,
0.000000,0.712434,0.165527,-0.660522,0.169556,0.993774,0.015139,0.075693,-5.766188,14.967665,98.238571
,,,,,,,,,,
,,,,,,,,,,
,,,,,,,,,,
0.000000,0.712462,0.165466,-0.660522,0.169495,0.986449,0.028324,0.069344,-5.772902,15.120898,98.081383
,,,,,,,,,,
,,,,,,,,,,
,,,,,,,,,,
0.000000,0.712279,0.165405,-0.660767,0.169373,0.994750,0.011720,0.070321,-5.762279,15.158808,97.989906
,,,,,,,,,,
,,,,,,,,,,
,,,,,,,,,,
0.000000,0.712265,0.165466,-0.660767,0.169373,0.996704,0.019534,0.068856,-5.702718,15.192927,97.957588
,,,,,,,,,,
,,,,,,,,,,
,,,,,,,,,,
0.000000,0.712250,0.165649,-0.660706,0.169495,0.989867,0.014650,0.078623,-5.832446,15.256968,97.845161
,,,,,,,,,,
,,,,,,,,,,
,,,,,,,,,,
0.000000,0.712320,0.165527,-0.660645,0.169556,0.988890,0.015627,0.080576,-5.832535,15.331271,98.010643
,,,,,,,,,,
,,,,,,,,,,
,,,,,,,,,,
0.000000,0.712321,0.165283,-0.660706,0.169556,0.991820,0.006837,0.080576,-5.849281,15.381477,98.092911
,,,,,,,,,,
,,,,,,,,,,
,,,,,,,,,,
0.000000,0.712406,0.165283,-0.660645,0.169434,0.981077,0.026370,0.081065,-5.864353,15.393330,98.133621
,,,,,,,,,,
,,,,,,,,,,
,,,,,,,,,,
0.000000,0.712462,0.165222,-0.660583,0.169495,0.988890,0.012697,0.082530,-5.811251,15.253997,98.070259
,,,,,,,,,,
,,,,,,,,,,
,,,,,,,,,,
0.000000,0.712533,0.165100,-0.660522,0.169556,0.988402,0.013674,0.074228,-5.813459,15.211930,98.129898
,,,,,,,,,,
,,,,,,,,,,
,,,,,,,,,,
0.000000,0.712545,0.165039,-0.660461,0.169800,1.003541,-0.005372,0.070809,-5.832113,15.240737,98.250244
,,,,,,,,,,
,,,,,,,,,,
,,,,,,,,,,
0.000000,0.712529,0.164856,-0.660461,0.170044,0.973263,0.008790,0.069833,-5.715569,15.349997,98.225220
,,,,,,,,,,
,,,,,,,,,,
,,,,,,,,,,
0.000000,0.712515,0.164673,-0.660522,0.170044,0.992797,0.017092,0.082530,-5.610679,15.314998,98.286034
,,,,,,,,,,
,,,,,,,,,,
,,,,,,,,,,
0.000000,0.712445,0.164795,-0.660583,0.169983,0.992309,0.015627,0.071786,-5.616277,15.500164,98.340759
,,,,,,,,,,
,,,,,,,,,,
,,,,,,,,,,
0.000000,0.712304,0.164917,-0.660706,0.169983,0.987425,0.012697,0.076670,-5.521317,15.583481,98.390015
,,,,,,,,,,
,,,,,,,,,,
,,,,,,,,,,
0.000000,0.712289,0.164978,-0.660706,0.169983,0.997192,0.020999,0.071786,-5.635851,15.425133,98.384346
,,,,,,,,,,
,,,,,,,,,,
,,,,,,,,,,
0.000000,0.712261,0.165100,-0.660706,0.169983,0.982542,0.010743,0.075693,-5.572266,15.365953,98.295914
,,,,,,,,,,
,,,,,,,,,,
,,,,,,,,,,
0.000000,0.712162,0.165222,-0.660767,0.170044,0.988890,0.001465,0.066903,-5.615039,15.329358,98.266327
,,,,,,,,,,
,,,,,,,,,,
,,,,,,,,,,
0.000000,0.712148,0.165161,-0.660828,0.169922,0.997680,0.006837,0.073251,-5.653536,15.379755,98.206360
,,,,,,,,,,
,,,,,,,,,,
,,,,,,,,,,
0.000000,0.712192,0.165222,-0.660828,0.169678,0.993285,0.020999,0.063484,-5.621515,15.241779,98.169052
,,,,,,,,,,
,,,,,,,,,,
,,,,,,,,,,
0.000000,0.712165,0.165466,-0.660828,0.169556,0.980100,0.017580,0.068856,-5.626030,15.050935,98.235481
,,,,,,,,,,
,,,,,,,,,,
,,,,,,,,,,
0.000000,0.712192,0.165466,-0.660767,0.169678,0.998657,0.011720,0.077646,-5.580094,14.962508,98.345268
,,,,,,,,,,
,,,,,,,,,,
,,,,,,,,,,
0.000000,0.712191,0.165222,-0.660767,0.169922,0.988890,0.010255,0.069344,-5.455418,14.849590,98.227409
,,,,,,,,,,
,,,,,,,,,,
,,,,,,,,,,
0.000000,0.712120,0.165222,-0.660828,0.169983,0.989379,0.010255,0.068856,-5.509876,14.864632,98.337997
,,,,,,,,,,
,,,,,,,,,,
,,,,,,,,,,
0.000000,0.712049,0.165100,-0.660950,0.169922,0.992309,0.009767,0.075204,-5.458889,14.944836,98.337532
,,,,,,,,,,
,,,,,,,,,,
,,,,,,,,,,
0.000000,0.712093,0.165100,-0.660950,0.169739,0.988402,0.014162,0.064461,-5.479666,14.950352,98.270447
,,,,,,,,,,
,,,,,,,,,,
,,,,,,,,,,
0.000000,0.711994,0.165161,-0.661072,0.169617,0.994262,0.024905,0.069344,-5.498366,14.838650,98.293404
,,,,,,,,,,
,,,,,,,,,,
,,,,,,,,,,
0.000000,0.712052,0.165283,-0.661011,0.169495,0.979612,0.019534,0.068368,-5.531863,14.838119,98.447395
,,,,,,,,,,
,,,,,,,,,,
,,,,,,,,,,
0.000000,0.712194,0.165283,-0.660889,0.169373,0.987914,0.002930,0.068368,-5.378677,14.837640,98.219322
,,,,,,,,,,
,,,,,,,,,,
,,,,,,,,,,
0.000000,0.712180,0.165405,-0.660889,0.169312,0.998169,0.018557,0.065438,-5.424142,14.920543,98.147392
,,,,,,,,,,
,,,,,,,,,,
,,,,,,,,,,
0.000000,0.712209,0.165344,-0.660889,0.169250,0.993774,0.015139,0.077158,-5.665061,14.711822,98.015984
,,,,,,,,,,
,,,,,,,,,,
,,,,,,,,,,
0.000000,0.712238,0.165283,-0.660889,0.169189,0.985472,0.016604,0.062996,-5.598556,14.757306,97.914383
,,,,,,,,,,
,,,,,,,,,,
,,,,,,,,,,
0.000000,0.712210,0.165222,-0.660950,0.169128,0.993285,0.022952,0.067391,-5.572033,14.764909,97.956284
,,,,,,,,,,
,,,,,,,,,,
,,,,,,,,,,
0.000000,0.712181,0.165222,-0.660950,0.169250,0.992797,0.013674,0.073251,-5.614830,14.838418,97.960655
,,,,,,,,,,
,,,,,,,,,,
,,,,,,,,,,
0.000000,0.712181,0.165222,-0.660950,0.169250,0.987914,0.016604,0.069344,-5.503347,14.787910,97.947922
,,,,,,,,,,
,,,,,,,,,,
,,,,,,,,,,
0.000000,0.712167,0.165161,-0.661011,0.169128,0.995727,0.014162,0.078135,-5.469679,14.942451,98.036461
,,,,,,,,,,
,,,,,,,,,,
,,,,,,,,,,
0.000000,0.712111,0.165222,-0.661072,0.169067,0.986937,0.031742,0.067879,-5.389378,14.948207,98.082817
,,,,,,,,,,
,,,,,,,,,,
,,,,,,,,,,
0.000000,0.712126,0.165283,-0.661072,0.168945,0.991820,0.020999,0.067391,-5.283773,14.920053,98.041199
,,,,,,,,,,
,,,,,,,,,,
,,,,,,,,,,
0.000000,0.712027,0.165527,-0.661133,0.168884,0.991332,0.018557,0.079600,-5.355396,14.928047,98.170418
,,,,,,,,,,
,,,,,,,,,,
,,,,,,,,,,
0.000000,0.711969,0.165588,-0.661133,0.169067,0.987914,0.020999,0.066903,-5.403190,15.001909,98.186707
,,,,,,,,,,
,,,,,,,,,,
,,,,,,,,,,
0.000000,0.711812,0.165588,-0.661255,0.169250,0.993774,0.025882,0.073739,-5.379537,14.968385,98.384705
,,,,,,,,,,
,,,,,,,,,,
,,,,,,,,,,
0.000000,0.711755,0.165405,-0.661316,0.169434,1.001099,0.007813,0.068368,-5.374917,14.954880,98.379562
,,,,,,,,,,
,,,,,,,,,,
,,,,,,,,,,
0.000000,0.711542,0.165344,-0.661560,0.169434,0.990355,0.015139,0.069833,-5.404092,14.926059,98.224945
,,,,,,,,,,
,,,,,,,,,,
,,,,,,,,,,
0.000000,0.711512,0.165283,-0.661560,0.169617,0.998169,0.012697,0.064949,-5.447016,14.916786,98.352448
,,,,,,,,,,
,,,,,,,,,,
,,,,,,,,,,
0.000000,0.711426,0.165222,-0.661621,0.169800,0.992797,0.007325,0.075693,-5.435648,15.075108,98.183868
,,,,,,,,,,
,,,,,,,,,,
,,,,,,,,,,
0.000000,0.711297,0.165344,-0.661682,0.169983,0.980588,0.007813,0.070809,-5.358750,14.900930,98.165482
,,,,,,,,,,
,,,,,,,,,,
,,,,,,,,,,
0.000000,0.711241,0.165466,-0.661743,0.169861,0.991820,0.002930,0.054694,-5.406208,14.810837,98.382271
,,,,,,,,,,
,,,,,,,,,,
,,,,,,,,,,
0.000000,0.711300,0.165527,-0.661743,0.169556,0.989867,0.004883,0.068856,-5.365587,14.929753,98.327377
,,,,,,,,,,
,,,,,,,,,,
,,,,,,,,,,
0.000000,0.711201,0.165894,-0.661804,0.169373,0.979123,0.013185,0.071786,-5.412362,14.870111,98.411301
,,,,,,,,,,
,,,,,,,,,,
,,,,,,,,,,
0.000000,0.711159,0.166199,-0.661804,0.169250,0.994750,0.008790,0.056159,-5.387792,14.933100,98.286842
,,,,,,,,,,
,,,,,,,,,,
,,,,,,,,,,
0.000000,0.711202,0.166321,-0.661743,0.169189,0.996704,0.016604,0.060066,-5.432346,14.839790,98.241486
,,,,,,,,,,
,,,,,,,,,,
,,,,,,,,,,
0.000000,0.711202,0.166382,-0.661743,0.169128,0.982542,0.028812,0.073739,-5.405778,14.822477,98.100670
,,,,,,,,,,
,,,,,,,,,,
,,,,,,,,,,
0.000000,0.711359,0.166260,-0.661621,0.169067,0.997192,0.019534,0.069344,-5.498534,14.940230,98.040604
,,,,,,,,,,
,,,,,,,,,,
,,,,,,,,,,
0.000000,0.711444,0.166138,-0.661560,0.169067,0.984495,0.016115,0.072274,-5.465347,14.829540,97.953209
,,,,,,,,,,
,,,,,,,,,,
,,,,,,,,,,
0.000000,0.711515,0.165955,-0.661499,0.169189,0.996704,0.023929,0.077158,-5.368813,14.829920,98.191223
,,,,,,,,,,
,,,,,,,,,,
,,,,,,,,,,
0.000000,0.711528,0.165710,-0.661499,0.169373,0.992309,0.014162,0.066903,-5.331931,14.996927,98.122101
,,,,,,,,,,
,,,,,,,,,,
,,,,,,,,,,
0.000000,0.711599,0.165649,-0.661438,0.169373,0.990844,0.018557,0.074228,-5.365405,15.163901,98.193222
,,,,,,,,,,
,,,,,,,,,,
,,,,,,,,,,
0.000000,0.711656,0.165649,-0.661377,0.169373,0.987914,0.027347,0.067879,-5.428864,14.980844,98.140572
,,,,,,,,,,
,,,,,,,,,,
,,,,,,,,,,
0.000000,0.711670,0.165710,-0.661377,0.169250,0.983030,0.009767,0.064949,-5.585978,15.116094,98.043182
,,,,,,,,,,
,,,,,,,,,,
,,,,,,,,,,
0.000000,0.711643,0.165710,-0.661438,0.169128,0.982053,0.015627,0.065438,-5.544047,15.104485,98.172195
,,,,,,,,,,
,,,,,,,,,,
,,,,,,,,,,
0.000000,0.711600,0.165649,-0.661499,0.169128,0.992797,0.007813,0.075693,-5.506309,14.927369,98.038307
,,,,,,,,,,
,,,,,,,,,,
,,,,,,,,,,
0.000000,0.711557,0.165405,-0.661560,0.169312,0.989867,0.008302,0.060554,-5.689011,15.067966,98.117813
,,,,,,,,,,
,,,,,,,,,,
,,,,,,,,,,
0.000000,0.711499,0.165283,-0.661621,0.169434,0.981077,0.020999,0.071786,-5.720110,15.111169,97.939362
,,,,,,,,,,
,,,,,,,,,,
,,,,,,,,,,
0.000000,0.711613,0.165344,-0.661499,0.169373,0.992797,0.014162,0.067391,-5.664766,15.066719,97.828758
,,,,,,,,,,
,,,,,,,,,,
,,,,,,,,,,
0.000000,0.711600,0.165344,-0.661560,0.169189,0.973752,0.018069,0.077646,-5.614956,15.143380,97.845886
,,,,,,,,,,
,,,,,,,,,,
,,,,,,,,,,
0.000000,0.711841,0.165344,-0.661316,0.169128,0.989867,0.009278,0.062019,-5.770127,15.112375,97.927963
,,,,,,,,,,
,,,,,,,,,,
,,,,,,,,,,
0.000000,0.711940,0.165283,-0.661194,0.169250,0.989379,0.009278,0.077158,-5.659781,15.184471,97.935165
,,,,,,,,,,
,,,,,,,,,,
,,,,,,,,,,
0.000000,0.711982,0.165283,-0.661133,0.169312,0.997192,0.027347,0.079600,-5.677136,15.066024,97.808319
,,,,,,,,,,
,,,,,,,,,,
,,,,,,,,,,
0.000000,0.712025,0.165222,-0.661133,0.169189,0.996704,0.008790,0.077646,-5.542756,15.059422,97.794151
,,,,,,,,,,
,,,,,,,,,,
,,,,,,,,,,
0.000000,0.712011,0.165283,-0.661133,0.169189,0.999634,0.011720,0.076670,-5.588480,15.053479,97.864738
,,,,,,,,,,
,,,,,,,,,,
,,,,,,,,,,
0.000000,0.711969,0.165344,-0.661194,0.169067,0.989867,0.020022,0.077158,-5.729632,15.048132,97.961594
,,,,,,,,,,
,,,,,,,,,,
,,,,,,,,,,
0.000000,0.712054,0.165405,-0.661072,0.169128,1.000122,0.016115,0.072763,-5.790002,15.059985,97.915436
,,,,,,,,,,
,,,,,,,,,,
,,,,,,,,,,
0.000000,0.712054,0.165466,-0.661072,0.169067,0.993285,0.021487,0.076670,-5.644335,15.187320,97.807228
,,,,,,,,,,
,,,,,,,,,,
,,,,,,,,,,
0.000000,0.712055,0.165527,-0.661072,0.169006,0.992309,0.011232,0.074716,-5.546568,15.218588,97.743172
,,,,,,,,,,
,,,,,,,,,,
,,,,,,,,,,
0.000000,0.712239,0.165527,-0.660889,0.168945,0.994750,0.016604,0.072763,-5.591912,15.196729,97.735519
,,,,,,,,,,
,,,,,,,,,,
,,,,,,,,,,
0.000000,0.712310,0.165466,-0.660828,0.168945,0.980588,0.032719,0.077158,-5.666054,15.160390,97.661964
,,,,,,,,,,
,,,,,,,,,,
,,,,,,,,,,
0.000000,0.712337,0.165466,-0.660767,0.169067,0.996704,0.019534,0.076181,-5.566115,15.111017,97.612434
,,,,,,,,,,
,,,,,,,,,,
,,,,,,,,,,
0.000000,0.712323,0.165283,-0.660828,0.169067,0.990844,0.022464,0.072763,-5.476171,15.099916,97.567863
,,,,,,,,,,
,,,,,,,,,,
,,,,,,,,,,
0.000000,0.712308,0.165344,-0.660767,0.169312,0.987425,0.008790,0.077158,-5.428553,15.273257,97.594406
,,,,,,,,,,
,,,,,,,,,,
,,,,,,,,,,
0.000000,0.712335,0.165283,-0.660706,0.169495,0.985960,0.020510,0.074228,-5.552365,15.312598,97.501633
,,,,,,,,,,
,,,,,,,,,,
,,,,,,,,,,
0.000000,0.712350,0.165283,-0.660706,0.169434,0.986449,0.019045,0.081553,-5.497128,15.431338,97.418137
,,,,,,,,,,
,,,,,,,,,,
,,,,,,,,,,
0.000000,0.712250,0.165466,-0.660767,0.169434,0.989379,0.016115,0.070809,-5.447415,15.321538,97.376320
,,,,,,,,,,
,,,,,,,,,,
,,,,,,,,,,
0.000000,0.712151,0.165588,-0.660828,0.169495,0.997192,0.015139,0.079111,-5.436007,15.306051,97.555359
,,,,,,,,,,
,,,,,,,,,,
,,,,,,,,,,
0.000000,0.712121,0.165527,-0.660828,0.169678,0.987914,0.017092,0.071298,-5.425740,15.292112,97.716492
,,,,,,,,,,
,,,,,,,,,,
,,,,,,,,,,
0.000000,0.712021,0.165527,-0.660889,0.169861,0.978635,0.016115,0.067391,-5.399832,15.312901,97.494843
,,,,,,,,,,
,,,,,,,,,,
,,,,,,,,,,
0.000000,0.712064,0.165710,-0.660828,0.169739,0.987425,0.016115,0.070809,-5.359849,15.298278,97.495354
,,,,,,,,,,
,,,,,,,,,,
,,,,,,,,,,
0.000000,0.711979,0.165833,-0.660889,0.169739,0.995239,0.023440,0.073251,-5.523864,15.235117,97.679153
,,,,,,,,,,
,,,,,,,,,,
,,,,,,,,,,
0.000000,0.712107,0.165771,-0.660767,0.169739,0.981077,0.020022,0.083506,-5.638144,15.228271,97.777908
,,,,,,,,,,
,,,,,,,,,,
,,,,,,,,,,
0.000000,0.712148,0.165710,-0.660706,0.169861,0.981077,0.018557,0.079600,-5.590997,15.122111,97.933449
,,,,,,,,,,
,,,,,,,,,,
,,,,,,,,,,
0.000000,0.712177,0.165588,-0.660706,0.169861,0.981077,0.015139,0.081553,-5.615231,15.209900,98.006767
,,,,,,,,,,
,,,,,,,,,,
,,,,,,,,,,
0.000000,0.712163,0.165466,-0.660767,0.169800,1.003052,0.005372,0.079600,-5.720374,15.205577,97.989426
,,,,,,,,,,
,,,,,,,,,,
,,,,,,,,,,
0.000000,0.712094,0.165466,-0.660889,0.169617,0.978635,0.026859,0.072763,-5.748337,15.151686,98.240486
,,,,,,,,,,
,,,,,,,,,,
,,,,,,,,,,
0.000000,0.712081,0.165771,-0.660889,0.169373,0.993774,0.040532,0.076670,-5.706836,15.153184,98.283104
,,,,,,,,,,
,,,,,,,,,,
,,,,,,,,,,
0.000000,0.712038,0.165955,-0.660889,0.169373,0.985472,0.011232,0.070321,-5.736153,15.054532,98.221458
,,,,,,,,,,
,,,,,,,,,,
,,,,,,,,,,
0.000000,0.711910,0.166016,-0.661011,0.169373,0.989867,0.007325,0.075204,-5.812537,15.015745,97.999313
,,,,,,,,,,
,,,,,,,,,,
,,,,,,,,,,
0.000000,0.711797,0.166016,-0.661133,0.169373,0.982053,0.019045,0.071298,-5.897950,14.947504,97.899384
,,,,,,,,,,
,,,,,,,,,,
,,,,,,,,,,
0.000000,0.711896,0.165833,-0.661072,0.169373,0.988890,0.015139,0.070321,-5.808155,15.136087,97.892776
,,,,,,,,,,
,,,,,,,,,,
,,,,,,,,,,
0.000000,0.711797,0.165710,-0.661194,0.169434,0.987425,0.017092,0.078135,-5.677340,15.139145,97.936829
,,,,,,,,,,
,,,,,,,,,,
,,,,,,,,,,
0.000000,0.711924,0.165588,-0.661072,0.169495,0.989379,0.020022,0.070809,-5.709606,15.208564,97.993149
,,,,,,,,,,
,,,,,,,,,,
,,,,,,,,,,
0.000000,0.711924,0.165588,-0.661072,0.169495,0.989379,0.008790,0.073739,-5.721979,15.171041,98.110504
,,,,,,,,,,
,,,,,,,,,,
,,,,,,,,,,
0.000000,0.711952,0.165588,-0.661011,0.169617,1.005494,0.005860,0.082041,-5.866447,15.137270,98.282784
,,,,,,,,,,
,,,,,,,,,,
,,,,,,,,,,
0.000000,0.711824,0.165527,-0.661133,0.169739,0.981565,0.027835,0.070809,-5.979803,15.123543,98.304504
,,,,,,,,,,
,,,,,,,,,,
,,,,,,,,,,
0.000000,0.711767,0.165527,-0.661194,0.169739,0.982542,0.020510,0.071786,-5.831822,15.211189,98.224052
,,,,,,,,,,
,,,,,,,,,,
,,,,,,,,,,
0.000000,0.711624,0.165527,-0.661316,0.169861,0.989379,0.009767,0.070321,-5.965307,15.256737,98.318314
,,,,,,,,,,
,,,,,,,,,,
,,,,,,,,,,
0.000000,0.711610,0.165527,-0.661316,0.169922,0.985472,0.017092,0.062508,-6.118776,15.214396,98.319817
,,,,,,,,,,
,,,,,,,,,,
,,,,,,,,,,
0.000000,0.711552,0.165588,-0.661316,0.170105,0.992797,0.009767,0.070321,-6.040232,15.292956,98.271172
,,,,,,,,,,
,,,,,,,,,,
,,,,,,,,,,
0.000000,0.711480,0.165588,-0.661377,0.170166,0.986449,0.006348,0.082530,-6.036209,15.230328,98.294052
,,,,,,,,,,
,,,,,,,,,,
,,,,,,,,,,
0.000000,0.711566,0.165588,-0.661316,0.170044,0.986449,0.018557,0.063973,-5.999254,15.373961,98.264648
,,,,,,,,,,
,,,,,,,,,,
,,,,,,,,,,
0.000000,0.711512,0.165955,-0.661377,0.169678,0.992309,0.016604,0.077158,-5.832662,15.303232,98.288185
,,,,,,,,,,
,,,,,,,,,,
,,,,,,,,,,
0.000000,0.711711,0.165955,-0.661194,0.169556,0.990355,0.026859,0.078135,-5.849396,15.406242,98.259361
,,,,,,,,,,
,,,,,,,,,,
,,,,,,,,,,
0.000000,0.711697,0.165955,-0.661194,0.169617,0.996215,0.019534,0.068368,-5.764456,15.382284,98.133430
,,,,,,,,,,
,,,,,,,,,,
,,,,,,,,,,
0.000000,0.711682,0.166016,-0.661194,0.169617,0.988402,0.013185,0.070809,-5.504677,15.444057,98.186752
,,,,,,,,,,
,,,,,,,,,,
,,,,,,,,,,
0.000000,0.711627,0.166260,-0.661255,0.169373,0.983518,0.020999,0.060066,-5.604210,15.449651,98.084740
,,,,,,,,,,
,,,,,,,,,,
,,,,,,,,,,
0.000000,0.711472,0.166382,-0.661438,0.169189,0.998657,0.021975,0.068368,-5.493789,15.388019,98.026268
,,,,,,,,,,
,,,,,,,,,,
,,,,,,,,,,
0.000000,0.711357,0.166565,-0.661499,0.169250,0.985960,0.018069,0.066414,-5.611076,15.332550,97.923645
,,,,,,,,,,
,,,,,,,,,,
,,,,,,,,,,
0.000000,0.711314,0.166687,-0.661499,0.169312,0.990844,0.019045,0.066414,-5.616636,15.465961,97.931274
,,,,,,,,,,
,,,,,,,,,,
,,,,,,,,,,
0.000000,0.711271,0.166809,-0.661499,0.169373,0.997192,0.020999,0.062019,-5.771639,15.352699,97.754814
,,,,,,,,,,
,,,,,,,,,,
,,,,,,,,,,
0.000000,0.711371,0.166748,-0.661438,0.169250,0.991820,0.012209,0.079111,-5.911141,15.134096,97.679337
,,,,,,,,,,
,,,,,,,,,,
,,,,,,,,,,
0.000000,0.711571,0.166565,-0.661316,0.169067,1.005005,0.017580,0.066903,-5.820027,15.220686,97.744736
,,,,,,,,,,
,,,,,,,,,,
,,,,,,,,,,
0.000000,0.711657,0.166565,-0.661255,0.168945,0.996215,0.027835,0.070809,-5.838025,15.198618,97.686928
,,,,,,,,,,
,,,,,,,,,,
,,,,,,,,,,
0.000000,0.711827,0.166504,-0.661072,0.169006,0.992309,0.012697,0.071298,-5.787556,15.278756,97.668236
,,,,,,,,,,
,,,,,,,,,,
,,,,,,,,,,
0.000000,0.711940,0.166504,-0.660950,0.169006,0.991820,0.020510,0.062508,-5.742133,15.350881,97.768082
,,,,,,,,,,
,,,,,,,,,,
,,,,,,,,,,
0.000000,0.711911,0.166565,-0.660950,0.169067,0.988402,0.011232,0.069833,-5.601253,15.315792,97.791267
,,,,,,,,,,
,,,,,,,,,,
,,,,,,,,,,
0.000000,0.711798,0.166626,-0.661072,0.169006,0.994262,0.007325,0.072763,-5.674461,15.217546,97.845474
,,,,,,,,,,
,,,,,,,,,,
,,,,,,,,,,
0.000000,0.711784,0.166626,-0.661072,0.169067,1.001099,0.015627,0.068856,-5.740348,15.179125,97.844261
,,,,,,,,,,
,,,,,,,,,,
,,,,,,,,,,
0.000000,0.711742,0.166626,-0.661133,0.169006,0.990355,0.019045,0.072763,-5.916314,15.094546,97.843170
,,,,,,,,,,
,,,,,,,,,,
,,,,,,,,,,
0.000000,0.711684,0.166748,-0.661133,0.169128,0.995727,0.019534,0.058601,-5.841349,15.135091,97.775520
,,,,,,,,,,
,,,,,,,,,,
,,,,,,,,,,
0.000000,0.711712,0.166931,-0.661072,0.169067,0.996215,0.014162,0.083018,-5.823881,15.171582,97.797966
,,,,,,,,,,
,,,,,,,,,,
,,,,,,,,,,
0.000000,0.711798,0.166870,-0.661011,0.169006,0.992797,0.020510,0.062508,-5.774826,15.137757,97.934837
,,,,,,,,,,
,,,,,,,,,,
,,,,,,,,,,
0.000000,0.711727,0.166992,-0.661072,0.168945,0.984495,0.009278,0.071298,-5.797343,15.090649,97.941353
,,,,,,,,,,
,,,,,,,,,,
,,,,,,,,,,
0.000000,0.711756,0.166870,-0.661072,0.168945,0.987914,0.021975,0.072274,-5.667609,15.314917,97.980553
,,,,,,,,,,
,,,,,,,,,,
,,,,,,,,,,
0.000000,0.711755,0.166687,-0.661072,0.169128,0.992797,0.005860,0.066414,-5.600848,15.100092,97.799164
,,,,,,,,,,
,,,,,,,,,,
,,,,,,,,,,
0.000000,0.711726,0.166687,-0.661072,0.169250,0.991332,0.008790,0.075693,-5.757430,15.190083,97.852577
,,,,,,,,,,
,,,,,,,,,,
,,,,,,,,,,
0.000000,0.711726,0.166687,-0.661072,0.169250,0.986937,0.029789,0.075204,-5.581687,15.321074,97.733986
,,,,,,,,,,
,,,,,,,,,,
,,,,,,,,,,
0.000000,0.711669,0.166748,-0.661133,0.169189,1.001587,0.005860,0.080088,-5.590185,15.255633,97.893921
,,,,,,,,,,
,,,,,,,,,,
,,,,,,,,,,
0.000000,0.711612,0.166870,-0.661133,0.169312,0.987914,0.020999,0.072274,-5.547833,15.280070,97.954529
,,,,,,,,,,
,,,,,,,,,,
,,,,,,,,,,
0.000000,0.711640,0.166992,-0.661072,0.169312,0.992797,0.024417,0.070809,-5.709716,15.268730,97.825745
,,,,,,,,,,
,,,,,,,,,,
,,,,,,,,,,
0.000000,0.711640,0.167053,-0.661072,0.169250,0.985472,0.015139,0.072274,-5.455411,15.475190,97.993172
,,,,,,,,,,
,,,,,,,,,,
,,,,,,,,,,
0.000000,0.711640,0.167053,-0.661072,0.169250,0.989379,0.022464,0.073251,-5.509871,15.477672,97.960518
,,,,,,,,,,
,,,,,,,,,,
,,,,,,,,,,
0.000000,0.711640,0.167053,-0.661072,0.169250,0.997680,0.020999,0.075693,-5.408883,15.529904,98.031136
,,,,,,,,,,
,,,,,,,,,,
,,,,,,,,,,
0.000000,0.711682,0.166992,-0.661011,0.169373,0.987914,0.027347,0.069833,-5.617995,15.460247,98.011353
,,,,,,,,,,
,,,,,,,,,,
,,,,,,,,,,
0.000000,0.711696,0.166748,-0.661011,0.169556,0.987914,0.016115,0.074228,-5.706195,15.414223,98.093552
,,,,,,,,,,
,,,,,,,,,,
,,,,,,,,,,
0.000000,0.711652,0.166626,-0.661011,0.169861,0.999145,0.020510,0.062508,-5.702242,15.372800,98.050865
,,,,,,,,,,
,,,,,,,,,,
,,,,,,,,,,
0.000000,0.711637,0.166626,-0.661011,0.169922,0.983030,0.014650,0.063973,-5.482018,15.335520,98.095779
,,,,,,,,,,
,,,,,,,,,,
,,,,,,,,,,
0.000000,0.711836,0.166687,-0.660828,0.169739,0.987425,0.005860,0.080576,-5.667150,15.085301,98.136200
,,,,,,,,,,
,,,,,,,,,,
,,,,,,,,,,
0.000000,0.711952,0.166809,-0.660767,0.169373,0.984007,-0.007325,0.067879,-5.600435,15.093438,98.355911
,,,,,,,,,,
,,,,,,,,,,
,,,,,,,,,,
0.000000,0.711967,0.166687,-0.660828,0.169189,0.992309,0.004395,0.064949,-5.440392,15.100760,98.303658
,,,,,,,,,,
,,,,,,,,,,
,,,,,,,,,,
0.000000,0.712082,0.166748,-0.660767,0.168884,0.989379,0.015139,0.074228,-5.263019,14.990685,98.306625
,,,,,,,,,,
,,,,,,,,,,
,,,,,,,,,,
0.000000,0.712196,0.166687,-0.660706,0.168701,0.989867,0.014650,0.070809,-5.186717,15.091617,98.309296
,,,,,,,,,,
,,,,,,,,,,
,,,,,,,,,,
0.000000,0.712154,0.166626,-0.660767,0.168701,0.988402,0.021975,0.071298,-5.334712,15.149121,98.461700
,,,,,,,,,,
,,,,,,,,,,
,,,,,,,,,,
0.000000,0.712083,0.166687,-0.660828,0.168701,0.993774,0.018557,0.072274,-5.317907,15.134209,98.582191
,,,,,,,,,,
,,,,,,,,,,
,,,,,,,,,,
0.000000,0.712083,0.166748,-0.660828,0.168640,0.989379,0.015139,0.072274,-5.302783,15.087455,98.490639
,,,,,,,,,,
,,,,,,,,,,
,,,,,,,,,,
0.000000,0.712239,0.166626,-0.660706,0.168579,1.005005,0.022952,0.058601,-5.205838,14.995376,98.358246
,,,,,,,,,,
,,,,,,,,,,
,,,,,,,,,,
0.000000,0.712225,0.166565,-0.660706,0.168701,0.991820,0.009278,0.069833,-5.335255,14.912505,98.322418
,,,,,,,,,,
,,,,,,,,,,
,,,,,,,,,,
0.000000,0.712240,0.166321,-0.660767,0.168640,0.992309,-0.001465,0.080576,-5.401729,15.054588,98.290176
,,,,,,,,,,
,,,,,,,,,,
,,,,,,,,,,
0.000000,0.712297,0.166260,-0.660767,0.168457,0.985472,0.018069,0.074228,-5.428223,15.015796,98.477829
,,,,,,,,,,
,,,,,,,,,,
,,,,,,,,,,
0.000000,0.712283,0.166382,-0.660767,0.168396,0.982542,0.020999,0.073251,-5.352067,15.014216,98.596710
,,,,,,,,,,
,,,,,,,,,,
,,,,,,,,,,
0.000000,0.712326,0.166565,-0.660706,0.168274,0.985472,0.022952,0.071786,-5.450194,14.996128,98.520370
,,,,,,,,,,
,,,,,,,,,,
,,,,,,,,,,
0.000000,0.712311,0.166809,-0.660645,0.168335,1.000122,0.027347,0.084483,-5.505175,15.079848,98.601669
,,,,,,,,,,
,,,,,,,,,,
,,,,,,,,,,
0.000000,0.712368,0.166870,-0.660583,0.168274,0.996215,0.016115,0.078623,-5.537991,15.005197,98.358170
,,,,,,,,,,
,,,,,,,,,,
,,,,,,,,,,
0.000000,0.712495,0.166809,-0.660461,0.168274,0.993285,0.020999,0.088878,-5.450858,15.054677,98.405685
,,,,,,,,,,
,,,,,,,,,,
,,,,,,,,,,
0.000000,0.712552,0.166626,-0.660461,0.168213,0.999634,0.017580,0.063484,-5.605772,15.099210,98.415115
,,,,,,,,,,
,,,,,,,,,,
,,,,,,,,,,
0.000000,0.712553,0.166260,-0.660522,0.168335,0.993774,0.016604,0.074228,-5.495195,15.072622,98.406937
,,,,,,,,,,
,,,,,,,,,,
,,,,,,,,,,
0.000000,0.712580,0.165955,-0.660522,0.168518,0.995727,0.024417,0.073251,-5.412342,15.065360,98.416245
,,,,,,,,,,
,,,,,,,,,,
,,,,,,,,,,
0.000000,0.712580,0.165894,-0.660522,0.168579,0.984007,0.023440,0.071298,-5.537775,15.242157,98.274620
,,,,,,,,,,
,,,,,,,,,,
,,,,,,,,,,
0.000000,0.712637,0.165894,-0.660461,0.168579,0.992797,0.027347,0.072763,-5.450664,15.351274,98.297157
,,,,,,,,,,
,,,,,,,,,,
,,,,,,,,,,
0.000000,0.712651,0.165833,-0.660461,0.168579,0.990844,0.017580,0.073739,-5.555597,15.316147,98.267441
,,,,,,,,,,
,,,,,,,,,,
,,,,,,,,,,
0.000000,0.712694,0.165894,-0.660461,0.168335,0.997680,0.021487,0.077646,-5.700037,15.334533,98.040695
,,,,,,,,,,
,,,,,,,,,,
,,,,,,,,,,
0.000000,0.712695,0.166016,-0.660461,0.168213,0.993774,0.017092,0.074228,-5.580034,15.401079,98.069962
,,,,,,,,,,
,,,,,,,,,,
,,,,,,,,,,
0.000000,0.712666,0.166016,-0.660461,0.168335,0.990355,0.013185,0.073251,-5.488697,15.410972,98.146301
,,,,,,,,,,
,,,,,,,,,,
,,,,,,,,,,
0.000000,0.712552,0.166077,-0.660522,0.168518,0.980588,0.011232,0.064949,-5.689827,15.386540,98.198334
,,,,,,,,,,
,,,,,,,,,,
,,,,,,,,,,
0.000000,0.712537,0.165955,-0.660522,0.168701,0.985960,0.016115,0.063973,-5.637511,15.314553,98.095169
,,,,,,,,,,
,,,,,,,,,,
,,,,,,,,,,
0.000000,0.712564,0.166077,-0.660400,0.168945,0.987914,0.017092,0.083506,-5.673760,15.333098,97.968987
,,,,,,,,,,
,,,,,,,,,,
,,,,,,,,,,
0.000000,0.712649,0.166321,-0.660278,0.168823,0.997192,0.001465,0.084483,-5.639718,15.199788,97.922089
,,,,,,,,,,
,,,,,,,,,,
,,,,,,,,,,
0.000000,0.712664,0.166443,-0.660278,0.168640,1.001099,0.018069,0.068368,-5.725746,15.063143,97.929878
,,,,,,,,,,
,,,,,,,,,,
,,,,,,,,,,
0.000000,0.712806,0.166443,-0.660156,0.168518,0.998657,0.011720,0.081065,-5.819838,15.040162,97.970222
,,,,,,,,,,
,,,,,,,,,,
,,,,,,,,,,
0.000000,0.712864,0.166260,-0.660217,0.168213,1.002075,0.013185,0.078135,-5.687854,14.969479,97.839867
,,,,,,,,,,
,,,,,,,,,,
,,,,,,,,,,
0.000000,0.712894,0.166199,-0.660278,0.167908,0.996704,0.018069,0.063484,-5.652402,15.039198,97.922546
,,,,,,,,,,
,,,,,,,,,,
,,,,,,,,,,
0.000000,0.712810,0.166260,-0.660400,0.167725,0.985960,0.022464,0.085460,-5.687162,14.951944,97.896957
,,,,,,,,,,
,,,,,,,,,,
,,,,,,,,,,
0.000000,0.712724,0.166504,-0.660400,0.167847,0.979123,0.025394,0.070809,-5.701779,15.023417,97.857262
,,,,,,,,,,
,,,,,,,,,,
,,,,,,,,,,
0.000000,0.712681,0.166504,-0.660400,0.168030,0.994750,0.020510,0.075204,-5.714934,14.954409,97.738205
,,,,,,,,,,
,,,,,,,,,,
,,,,,,,,,,
0.000000,0.712609,0.166382,-0.660461,0.168213,0.993285,0.023929,0.072763,-5.776774,14.775635,97.664383
,,,,,,,,,,
,,,,,,,,,,
,,,,,,,,,,
0.000000,0.712525,0.166260,-0.660583,0.168213,0.990355,0.011720,0.076181,-5.732430,14.898071,97.647942
,,,,,,,,,,
,,,,,,,,,,
,,,,,,,,,,
0.000000,0.712596,0.166077,-0.660583,0.168091,0.981077,0.029789,0.077158,-5.759187,14.908264,97.683151
,,,,,,,,,,
,,,,,,,,,,
,,,,,,,,,,
0.000000,0.712625,0.166077,-0.660583,0.167969,0.996704,0.020999,0.073251,-5.633268,14.900771,97.748169
,,,,,,,,,,
,,,,,,,,,,
,,,,,,,,,,
0.000000,0.712654,0.166077,-0.660583,0.167847,0.992797,0.005372,0.080088,-5.636608,14.960693,97.773354
,,,,,,,,,,
,,,,,,,,,,
,,,,,,,,,,
0.000000,0.712625,0.166077,-0.660583,0.167969,0.993285,0.015139,0.088390,-5.456281,15.014625,97.512680
,,,,,,,,,,
,,,,,,,,,,
,,,,,,,,,,
0.000000,0.712610,0.166016,-0.660583,0.168091,0.983030,0.010255,0.076181,-5.543986,14.779828,97.628082
,,,,,,,,,,
,,,,,,,,,,
,,,,,,,,,,
0.000000,0.712483,0.165955,-0.660706,0.168213,0.983030,0.004883,0.071786,-5.556254,14.801846,97.665276
,,,,,,,,,,
,,,,,,,,,,
,,,,,,,,,,
0.000000,0.712440,0.165833,-0.660767,0.168274,0.990355,0.008790,0.078623,-5.517295,14.954994,97.615410
,,,,,,,,,,
,,,,,,,,,,
,,,,,,,,,,
0.000000,0.712440,0.165833,-0.660767,0.168274,0.999634,0.021975,0.074228,-5.598899,14.976162,97.687202
,,,,,,,,,,
,,,,,,,,,,
,,,,,,,,,,
0.000000,0.712370,0.165955,-0.660828,0.168213,0.979123,0.020022,0.074716,-5.622343,15.045212,97.751816
,,,,,,,,,,
,,,,,,,,,,
,,,,,,,,,,
0.000000,0.712341,0.166077,-0.660828,0.168213,0.993285,0.011720,0.083018,-5.693442,14.974024,97.893303
,,,,,,,,,,
,,,,,,,,,,
,,,,,,,,,,
0.000000,0.712326,0.166199,-0.660767,0.168396,1.000610,0.023929,0.072274,-5.690764,14.976622,97.870636
,,,,,,,,,,
,,,,,,,,,,
,,,,,,,,,,
0.000000,0.712454,0.166260,-0.660645,0.168274,0.986937,0.012209,0.078623,-5.755021,14.995626,97.866905
,,,,,,,,,,
,,,,,,,,,,
,,,,,,,,,,
0.000000,0.712511,0.166077,-0.660645,0.168213,1.003541,0.020999,0.082530,-5.812852,15.012731,98.063553
,,,,,,,,,,
,,,,,,,,,,
,,,,,,,,,,
0.000000,0.712483,0.166199,-0.660706,0.167969,0.984495,0.014650,0.079600,-6.031567,15.161457,98.173866
,,,,,,,,,,
,,,,,,,,,,
,,,,,,,,,,
0.000000,0.712427,0.166260,-0.660767,0.167908,0.990844,0.013185,0.078135,-5.961744,15.161979,98.273140
,,,,,,,,,,
,,,,,,,,,,
,,,,,,,,,,
0.000000,0.712554,0.166321,-0.660583,0.168030,0.984984,0.017092,0.074716,-6.148903,15.112447,98.295830
,,,,,,,,,,
,,,,,,,,,,
,,,,,,,,,,
0.000000,0.712425,0.166382,-0.660645,0.168274,0.983518,0.013185,0.071298,-6.034012,15.117869,98.216248
,,,,,,,,,,
,,,,,,,,,,
,,,,,,,,,,
0.000000,0.712411,0.166504,-0.660645,0.168213,0.995239,0.011720,0.080576,-6.013945,15.039415,98.177956
,,,,,,,,,,
,,,,,,,,,,
,,,,,,,,,,
0.000000,0.712312,0.166504,-0.660767,0.168152,0.995239,0.002930,0.076181,-5.929217,15.118807,98.210159
,,,,,,,,,,
,,,,,,,,,,
,,,,,,,,,,
